"date","price","reference","month"
2010-05-14,17.75,"http://www.carbonnews.co.nz/story.asp?storyID=4529","2010-05"
2010-05-21,17.5,"http://www.carbonnews.co.nz/story.asp?storyID=4540","2010-05"
2010-05-29,17.5,"http://www.carbonnews.co.nz/story.asp?storyID=4540","2010-05"
2010-06-11,17,"http://www.carbonnews.co.nz/story.asp?storyID=4588","2010-06"
2010-06-25,17.75,"http://www.carbonnews.co.nz/story.asp?storyID=4623","2010-06"
2010-06-30,17.5,"http://www.carbonnews.co.nz/story.asp?storyID=4573","2010-06"
2010-07-09,18,"http://www.carbonnews.co.nz/story.asp?storyID=4658","2010-07"
2010-07-16,18.3,"http://www.carbonnews.co.nz/story.asp?storyID=4675","2010-07"
2010-08-13,18.35,"http://www.carbonnews.co.nz/story.asp?storyID=4749","2010-08"
2010-08-16,18.45,"http://www.bloomberg.com/news/articles/2010-08-18/carbon-cash-accelerates-cull-of-new-zealand-sheep-as-farmers-turn-to-trees","2010-08"
2010-08-20,18.25,"http://www.carbonnews.co.nz/story.asp?storyID=4764","2010-08"
2010-09-10,19.8,"http://www.carbonnews.co.nz/story.asp?storyID=4812","2010-09"
2010-09-17,20.35,"http://www.eco-business.com/news/carbon-credits-gain-28-week-short-supply-broker-sa/","2010-09"
2010-09-17,20.5,"http://www.carbonnews.co.nz/story.asp?storyID=4821","2010-09"
2010-09-24,20,"http://www.carbonnews.co.nz/story.asp?storyID=4840","2010-09"
2010-10-01,19,"http://www.carbonnews.co.nz/story.asp?storyID=4856","2010-10"
2010-10-01,19.75,"http://www.eco-business.com/news/new-zealand-carbon-credit-price-falls-after-low-su/","2010-10"
2010-10-08,19,"http://www.carbonnews.co.nz/story.asp?storyID=4876","2010-10"
2010-10-15,19,"http://www.carbonnews.co.nz/story.asp?storyID=4890","2010-10"
2010-10-22,22.05,"http://www.carbonnews.co.nz/story.asp?storyID=4911","2010-10"
2010-10-29,20,"http://www.carbonnews.co.nz/story.asp?storyID=4926","2010-10"
2010-11-12,20.42,"http://www.carbonnews.co.nz/story.asp?storyID=4968","2010-11"
2010-11-26,20.8,"http://www.carbonnews.co.nz/story.asp?storyID=5009","2010-11"
2010-12-03,20.88,"http://www.carbonnews.co.nz/story.asp?storyID=5042","2010-12"
2010-12-10,20.38,"http://www.carbonnews.co.nz/story.asp?storyID=5063","2010-12"
2010-12-17,20,"http://www.carbonnews.co.nz/story.asp?storyID=5092","2010-12"
2011-01-21,19.1,"http://www.carbonnews.co.nz/story.asp?storyID=5111","2011-01"
2011-01-29,19.3,"http://www.bloomberg.com/news/articles/2011-02-04/new-zealand-carbon-credit-spot-prices-gained-0-8-amid-low-trade-volumes","2011-01"
2011-02-04,19.25,"http://www.carbonnews.co.nz/story.asp?storyID=5139","2011-02"
2011-02-11,19.2,"http://af.reuters.com/article/idAFL3E7DB03520110211","2011-02"
2011-02-18,19.25,"http://www.carbonnews.co.nz/story.asp?storyID=5170","2011-02"
2011-02-25,19.6,"http://www.carbonnews.co.nz/story.asp?storyID=5186","2011-02"
2011-03-04,19.6,"http://www.bloomberg.com/news/articles/2011-03-11/new-zealand-carbon-emission-credits-gain-as-weak-currency-increases-demand","2011-03"
2011-03-11,20.3,"http://www.carbonnews.co.nz/story.asp?storyID=5213","2011-03"
2011-03-18,20.8,"http://www.webcitation.org/6BN7me9fi","2011-03"
2011-03-25,20.5,"http://www.carbonnews.co.nz/story.asp?storyID=5256","2011-03"
2011-03-31,20.2,"http://www.carbonnews.co.nz/story.asp?storyID=5271","2011-03"
2011-04-08,20.22,"http://www.carbonnews.co.nz/story.asp?storyID=5289","2011-04"
2011-04-30,20.1,"http://www.carbonnews.co.nz/story.asp?storyID=5336","2011-04"
2011-05-27,19.7,"http://uk.reuters.com/article/newzealand-carbon-idUKL3E7GR08P20110527","2011-05"
2011-05-27,19.99,"http://www.eco-business.com/news/new-zealand-spot-carbon-price-slumps-to-three-month-low/","2011-05"
2011-06-10,19.75,"http://www.carbonnews.co.nz/story.asp?storyID=5427","2011-06"
2011-06-17,19.3,"http://www.carbonnews.co.nz/story.asp?storyID=5444","2011-06"
2011-06-24,18,"http://www.carbonnews.co.nz/story.asp?storyID=5487","2011-06"
2011-06-30,18,"http://www.carbonnews.co.nz/story.asp?storyID=5468","2011-06"
2011-07-08,18,"http://www.carbonnews.co.nz/story.asp?storyID=5488","2011-07"
2011-07-15,17.25,"http://www.carbonnews.co.nz/story.asp?storyID=5501","2011-07"
2011-07-21,16.3,"http://www.carbonnews.co.nz/story.asp?storyID=5512","2011-07"
2011-07-29,15.8,"http://www.carbonnews.co.nz/story.asp?storyID=5524","2011-07"
2011-08-05,13.8,"http://www.carbonnews.co.nz/story.asp?storyID=5545","2011-08"
2011-08-14,14,"http://www.carbonnews.co.nz/story.asp?storyID=5560","2011-08"
2011-08-19,15,"http://www.carbonnews.co.nz/story.asp?storyID=5574","2011-08"
2011-08-26,16.35,"http://www.carbonnews.co.nz/story.asp?storyID=5582","2011-08"
2011-09-02,15.5,"http://www.carbonnews.co.nz/story.asp?storyID=5594","2011-09"
2011-09-09,15,"http://www.carbonnews.co.nz/story.asp?storyID=5611","2011-09"
2011-09-16,15,"http://www.carbonnews.co.nz/story.asp?storyID=5626","2011-09"
2011-09-23,14.73,"http://www.carbonnews.co.nz/story.asp?storyID=5638","2011-09"
2011-09-30,14.3,"http://www.carbonnews.co.nz/story.asp?storyID=5654","2011-09"
2011-10-28,13.5,"http://www.carbonnews.co.nz/story.asp?storyID=5705","2011-10"
2011-10-31,13.86,"chart digitized","2011-10"
2011-11-04,12.45,"http://www.carbonnews.co.nz/story.asp?storyID=5721","2011-11"
2011-11-11,13,"http://www.carbonnews.co.nz/story.asp?storyID=5741","2011-11"
2011-11-18,13,"http://www.carbonnews.co.nz/story.asp?storyID=5756","2011-11"
2011-11-25,12.1,"http://www.carbonnews.co.nz/story.asp?storyID=5765","2011-11"
2011-11-30,13.5,"http://www.carbonnews.co.nz/story.asp?storyID=5705","2011-11"
2011-12-02,11,"http://www.carbonnews.co.nz/story.asp?storyID=5784","2011-12"
2011-12-04,11,"http://www.stuff.co.nz/business/6081834/Carbon-credits-pricing-crashes-and-burns","2011-12"
2011-12-09,9.5,"http://uk.reuters.com/article/newzealand-carbon-idUKL3E7N901120111209","2011-12"
2011-12-16,8.3,"http://www.carbonnews.co.nz/story.asp?storyID=5808","2011-12"
2012-01-19,7,"http://uk.reuters.com/article/newzealand-carbon-idUKL3E8CK01E20120120","2012-01"
2012-01-20,7,"http://www.carbonnews.co.nz/story.asp?storyID=5829","2012-01"
2012-02-03,7.65,"http://uk.reuters.com/article/newzealand-carbon-idUKL4E8D31Z620120203","2012-02"
2012-02-10,7.65,"http://uk.reuters.com/article/newzealand-carbon-idUKL5E8DG5G420120217","2012-02"
2012-02-16,7.95,"http://www.reuters.com/article/newzealand-carbon-idUSL5E8DG5G420120217","2012-02"
2012-02-17,7.95,"http://uk.reuters.com/article/newzealand-carbon-idUKL5E8DG5G420120217","2012-02"
2012-02-18,8,"http://www.carbonnews.co.nz/story.asp?storyID=5886","2012-02"
2012-02-28,8.5,"http://www.bloomberg.com/news/articles/2012-07-12/new-zealand-resists-higher-carbon-price-plans-link-to-australia","2012-02"
2012-03-01,7.95,"http://www.reuters.com/article/newzealand-carbon-idUSL4E8E171W20120302","2012-03"
2012-03-09,7.9,"http://uk.reuters.com/article/newzealand-carbon-idUKL5E8EF86T20120316","2012-03"
2012-03-16,7.4,"http://uk.reuters.com/article/newzealand-carbon-idUKL5E8EF86T20120316","2012-03"
2012-03-23,7.85,"http://uk.reuters.com/article/newzealand-carbon-idUKL3E8EU0F220120330","2012-03"
2012-03-30,7.6,"http://uk.reuters.com/article/newzealand-carbon-idUKL3E8EU0F220120330","2012-03"
2012-03-31,7,"http://www.carbonnews.co.nz/story.asp?storyID=5939","2012-03"
2012-04-15,7.41,"Chart digitised","2012-04"
2012-04-20,7.5,"http://www.carbonnews.co.nz/story.asp?storyID=6024","2012-04"
2012-05-04,6.6,"http://www.carbonnews.co.nz/story.asp?storyID=6053","2012-05"
2012-05-11,6.2,"http://www.carbonnews.co.nz/story.asp?storyID=6068","2012-05"
2012-05-31,5.9,"http://www.carbonnews.co.nz/story.asp?storyID=6115","2012-05"
2012-06-21,6.6,"http://www.reuters.com/article/us-market-carbon-new-zealand-idUSBRE85R0F620120628","2012-06"
2012-06-28,6.95,"http://www.reuters.com/article/us-market-carbon-new-zealand-idUSBRE85R0F620120628","2012-06"
2012-07-02,6.95,"http://www.reuters.com/article/us-newzealand-carbon-idUSBRE86108220120702","2012-07"
2012-07-03,6.95,"https://www.nbr.co.nz/article/ets-decisions-will-bury-carbon-market-years-wb-122700","2012-07"
2012-07-12,6.3,"http://www.eco-business.com/news/new-zealand-resists-higher-carbon-price-plans-link-to-australia/","2012-07"
2012-07-13,6.1,"http://www.bloomberg.com/news/articles/2012-07-12/new-zealand-resists-higher-carbon-price-plans-link-to-australia","2012-07"
2012-07-27,4.9,"http://www.carbonnews.co.nz/story.asp?storyID=6222","2012-07"
2012-08-03,4.9,"http://www.carbonnews.co.nz/story.asp?storyID=6235","2012-08"
2012-08-10,5,"https://www.nbr.co.nz/article/ets-loophole-halves-cost-biggest-nz-carbon-emitters-wb-125587","2012-08"
2012-09-06,4.85,"http://www.carbonnews.co.nz/story.asp?storyID=6319","2012-09"
2012-09-07,4.65,"http://cf.datawrapper.de/H296a/4/","2012-09"
2012-09-14,3.6,"http://cf.datawrapper.de/H296a/4/","2012-09"
2012-09-17,4.2,"http://www.odt.co.nz/news/business/226151/fears-emissions-trading-scheme","2012-09"
2012-09-21,3.1,"http://cf.datawrapper.de/H296a/4/","2012-09"
2012-09-28,3.7,"http://cf.datawrapper.de/H296a/4/","2012-09"
2012-10-05,3.45,"http://cf.datawrapper.de/H296a/4/","2012-10"
2012-10-12,3.2,"http://cf.datawrapper.de/H296a/4/","2012-10"
2012-10-19,2.85,"http://cf.datawrapper.de/H296a/4/","2012-10"
2012-10-25,3,"http://www.nzherald.co.nz/nz/news/article.cfm?c_id=1&objectid=10842724","2012-10"
2012-10-26,2.5,"http://cf.datawrapper.de/H296a/4/","2012-10"
2012-11-02,2.5,"http://www.reuters.com/article/newzealand-carbon-idUSL3E8LP1E220121102","2012-11"
2012-11-02,2.8,"http://cf.datawrapper.de/H296a/4/","2012-11"
2012-11-09,2.65,"http://cf.datawrapper.de/H296a/4/","2012-11"
2012-11-23,2.75,"http://cf.datawrapper.de/H296a/4/","2012-11"
2012-12-07,2.5,"http://www.carbonnews.co.nz/story.asp?storyID=6519","2012-12"
2013-01-11,2.35,"http://www.carbonforestservices.co.nz/nzueru-chart.html","2013-01"
2013-01-18,2.4,"http://cf.datawrapper.de/H296a/4/","2013-01"
2013-01-25,2.3,"http://cf.datawrapper.de/H296a/4/","2013-01"
2013-02-01,2.35,"http://cf.datawrapper.de/H296a/4/","2013-02"
2013-02-03,2.5,"http://www.stuff.co.nz/business/8252659/Carbon-credit-price-meltdown","2013-02"
2013-02-08,2.25,"http://cf.datawrapper.de/H296a/4/","2013-02"
2013-02-22,1.6,"http://cf.datawrapper.de/H296a/4/","2013-02"
2013-03-01,1.65,"http://cf.datawrapper.de/H296a/4/","2013-03"
2013-03-08,1.9,"http://www.carbonforestservices.co.nz/nzueru-chart.html","2013-03"
2013-03-15,1.8,"http://cf.datawrapper.de/H296a/4/","2013-03"
2013-03-28,1.9,"http://cf.datawrapper.de/H296a/4/","2013-03"
2013-03-29,2,"http://www.carbonforestservices.co.nz/nzueru-chart.html","2013-03"
2013-04-05,1.9,"http://cf.datawrapper.de/H296a/4/","2013-04"
2013-04-12,2.05,"http://cf.datawrapper.de/H296a/4/","2013-04"
2013-04-19,2.1,"http://www.carbonforestservices.co.nz/nzueru-chart.html","2013-04"
2013-04-26,2,"http://www.carbonforestservices.co.nz/nzueru-chart.html","2013-04"
2013-05-03,1.85,"http://cf.datawrapper.de/H296a/4/","2013-05"
2013-05-10,1.97,"http://cf.datawrapper.de/H296a/4/","2013-05"
2013-05-17,1.95,"http://cf.datawrapper.de/H296a/4/","2013-05"
2013-05-24,2,"http://www.carbonnews.co.nz/story.asp?storyID=6811","2013-05"
2013-05-31,1.95,"http://www.carbonforestservices.co.nz/nzueru-chart.html","2013-05"
2013-06-07,1.6,"http://www.carbonforestservices.co.nz/nzueru-chart.html","2013-06"
2013-06-14,1.75,"http://www.carbonforestservices.co.nz/nzueru-chart.html","2013-06"
2013-06-21,1.8,"http://www.carbonforestservices.co.nz/nzueru-chart.html","2013-06"
2013-06-28,1.8,"http://www.carbonforestservices.co.nz/nzueru-chart.html","2013-06"
2013-06-28,2.5,"http://www.carbonnews.co.nz/story.asp?storyID=6971","2013-06"
2013-07-05,1.88,"http://cf.datawrapper.de/H296a/4/","2013-07"
2013-07-12,2,"http://www.carbonforestservices.co.nz/nzueru-chart.html","2013-07"
2013-07-22,2.02,"http://cf.datawrapper.de/H296a/4/","2013-07"
2013-07-26,2.08,"http://cf.datawrapper.de/H296a/4/","2013-07"
2013-08-02,2.1,"http://www.carbonforestservices.co.nz/nzueru-chart.html","2013-08"
2013-08-09,2.6,"http://www.carbonforestservices.co.nz/nzueru-chart.html","2013-08"
2013-08-16,2.7,"http://www.carbonforestservices.co.nz/nzueru-chart.html","2013-08"
2013-08-22,3,"http://www.carbonnews.co.nz/story.asp?storyID=7015","2013-08"
2013-08-23,4.55,"http://www.carbonforestservices.co.nz/nzueru-chart.html","2013-08"
2013-08-30,4.2,"http://www.carbonforestservices.co.nz/nzueru-chart.html","2013-08"
2013-08-30,4.5,"http://www.carbonnews.co.nz/story.asp?storyID=7036","2013-08"
2013-09-06,4.3,"http://www.carbonforestservices.co.nz/nzueru-chart.html","2013-09"
2013-09-13,4,"http://www.carbonnews.co.nz/story.asp?storyID=7071","2013-09"
2013-09-13,4.4,"http://www.carbonforestservices.co.nz/nzueru-chart.html","2013-09"
2013-09-20,4.55,"http://www.carbonforestservices.co.nz/nzueru-chart.html","2013-09"
2013-09-30,4.3,"http://www.carbonforestservices.co.nz/nzueru-chart.html","2013-09"
2013-10-02,4.1,"http://www.carbonforestservices.co.nz/nzueru-chart.html","2013-10"
2013-10-11,4.2,"http://www.carbonforestservices.co.nz/nzueru-chart.html","2013-10"
2013-10-17,3.95,"http://www.carbonforestservices.co.nz/nzueru-chart.html","2013-10"
2013-10-30,3.65,"http://cf.datawrapper.de/H296a/4/","2013-10"
2013-10-31,3.6,"http://www.carbonforestservices.co.nz/nzueru-chart.html","2013-10"
2013-11-13,3.15,"http://cf.datawrapper.de/H296a/4/","2013-11"
2013-11-15,3,"http://cf.datawrapper.de/H296a/4/","2013-11"
2013-11-18,3.1,"http://cf.datawrapper.de/H296a/4/","2013-11"
2013-11-22,3.15,"http://cf.datawrapper.de/H296a/4/","2013-11"
2013-11-26,3.3,"http://cf.datawrapper.de/H296a/4/","2013-11"
2013-11-29,3.45,"http://cf.datawrapper.de/H296a/4/","2013-11"
2013-12-02,4.05,"http://www.carbonforestservices.co.nz/nzueru-chart.html","2013-12"
2013-12-06,4,"http://www.carbonforestservices.co.nz/nzueru-chart.html","2013-12"
2013-12-12,3.5,"http://cf.datawrapper.de/H296a/4/","2013-12"
2013-12-16,3.45,"http://www.carbonforestservices.co.nz/nzueru-chart.html","2013-12"
2013-12-31,3.1,"http://cf.datawrapper.de/H296a/4/","2013-12"
2014-01-08,3.15,"http://www.carbonforestservices.co.nz/nzueru-chart.html","2014-01"
2014-01-10,3.15,"http://cf.datawrapper.de/H296a/4/","2014-01"
2014-01-20,3.3,"http://cf.datawrapper.de/H296a/4/","2014-01"
2014-01-28,3.25,"http://cf.datawrapper.de/H296a/4/","2014-01"
2014-02-04,3.2,"http://www.carbonforestservices.co.nz/nzueru-chart.html","2014-02"
2014-02-10,3.25,"http://cf.datawrapper.de/H296a/4/","2014-02"
2014-02-18,3.35,"http://www.carbonforestservices.co.nz/nzueru-chart.html","2014-02"
2014-02-27,3.15,"http://www.carbonforestservices.co.nz/nzueru-chart.html","2014-02"
2014-03-24,3.07,"http://cf.datawrapper.de/H296a/4/","2014-03"
2014-03-25,3.07,"http://cf.datawrapper.de/H296a/4/","2014-03"
2014-03-26,3.07,"http://cf.datawrapper.de/H296a/4/","2014-03"
2014-03-27,3.06,"http://cf.datawrapper.de/H296a/4/","2014-03"
2014-03-31,3.1,"http://cf.datawrapper.de/H296a/4/","2014-03"
2014-04-01,3.1,"http://cf.datawrapper.de/H296a/4/","2014-04"
2014-04-08,3.07,"http://cf.datawrapper.de/H296a/4/","2014-04"
2014-04-16,3.06,"http://cf.datawrapper.de/H296a/4/","2014-04"
2014-04-23,3.05,"http://cf.datawrapper.de/H296a/4/","2014-04"
2014-04-30,3,"http://cf.datawrapper.de/H296a/4/","2014-04"
2014-05-07,3.08,"http://cf.datawrapper.de/H296a/4/","2014-05"
2014-05-09,3.11,"http://cf.datawrapper.de/H296a/4/","2014-05"
2014-05-15,3.16,"http://cf.datawrapper.de/H296a/4/","2014-05"
2014-05-16,3.9,"http://uk.reuters.com/article/new-zealand-carbon-idUKL3N0O21ED20140516","2014-05"
2014-05-19,4,"http://cf.datawrapper.de/H296a/4/","2014-05"
2014-05-20,4.15,"http://cf.datawrapper.de/H296a/4/","2014-05"
2014-05-22,4.1,"http://cf.datawrapper.de/H296a/4/","2014-05"
2014-05-26,4.4,"http://cf.datawrapper.de/H296a/4/","2014-05"
2014-05-26,4.65,"http://cf.datawrapper.de/H296a/4/","2014-05"
2014-05-27,5.2,"http://cf.datawrapper.de/H296a/4/","2014-05"
2014-05-30,5.15,"http://cf.datawrapper.de/H296a/4/","2014-05"
2014-06-02,4.8,"http://cf.datawrapper.de/H296a/4/","2014-06"
2014-06-03,5,"http://cf.datawrapper.de/H296a/4/","2014-06"
2014-06-04,4.85,"http://cf.datawrapper.de/H296a/4/","2014-06"
2014-06-05,5.05,"http://cf.datawrapper.de/H296a/4/","2014-06"
2014-06-06,4.92,"http://cf.datawrapper.de/H296a/4/","2014-06"
2014-06-13,4.7,"http://cf.datawrapper.de/H296a/4/","2014-06"
2014-06-16,4.35,"http://cf.datawrapper.de/H296a/4/","2014-06"
2014-06-17,4.1,"http://cf.datawrapper.de/H296a/4/","2014-06"
2014-06-18,4.2,"http://cf.datawrapper.de/H296a/4/","2014-06"
2014-06-23,4.17,"http://cf.datawrapper.de/H296a/4/","2014-06"
2014-06-24,4.15,"http://cf.datawrapper.de/H296a/4/","2014-06"
2014-06-30,4.2,"http://cf.datawrapper.de/H296a/4/","2014-06"
2014-07-02,4.17,"http://www.carbonnews.co.nz/story.asp?storyID=7852","2014-07"
2014-07-03,4.17,"http://www.carbonnews.co.nz/story.asp?storyID=7853","2014-07"
2014-07-10,4.15,"http://www.carbonnews.co.nz/story.asp?storyID=7871","2014-07"
2014-07-14,4.1,"http://www.carbonnews.co.nz/story.asp?storyID=7886","2014-07"
2014-07-18,4,"http://uk.reuters.com/article/new-zealand-carbontrading-idUKL4N0PT1DS20140718","2014-07"
2014-07-21,3.95,"http://www.carbonnews.co.nz/story.asp?storyID=7904","2014-07"
2014-07-28,3.95,"http://cf.datawrapper.de/H296a/4/","2014-07"
2014-07-29,4,"http://cf.datawrapper.de/H296a/4/","2014-07"
2014-08-11,3.95,"http://cf.datawrapper.de/H296a/4/","2014-08"
2014-08-14,3.85,"http://cf.datawrapper.de/H296a/4/","2014-08"
2014-08-15,3.85,"http://cf.datawrapper.de/H296a/4/","2014-08"
2014-08-18,3.82,"http://cf.datawrapper.de/H296a/4/","2014-08"
2014-08-21,3.8,"http://cf.datawrapper.de/H296a/4/","2014-08"
2014-08-25,3.8,"http://cf.datawrapper.de/H296a/4/","2014-08"
2014-08-27,3.9,"http://cf.datawrapper.de/H296a/4/","2014-08"
2014-08-29,4.07,"http://cf.datawrapper.de/H296a/4/","2014-08"
2014-09-01,4.25,"http://cf.datawrapper.de/H296a/4/","2014-09"
2014-09-02,4.22,"http://cf.datawrapper.de/H296a/4/","2014-09"
2014-09-03,4.35,"http://cf.datawrapper.de/H296a/4/","2014-09"
2014-09-04,4.45,"http://cf.datawrapper.de/H296a/4/","2014-09"
2014-09-05,4.35,"http://cf.datawrapper.de/H296a/4/","2014-09"
2014-09-07,4.35,"http://cf.datawrapper.de/H296a/4/","2014-09"
2014-09-08,4.35,"http://cf.datawrapper.de/H296a/4/","2014-09"
2014-09-09,4.35,"http://cf.datawrapper.de/H296a/4/","2014-09"
2014-09-10,4.5,"http://cf.datawrapper.de/H296a/4/","2014-09"
2014-09-12,4.5,"http://cf.datawrapper.de/H296a/4/","2014-09"
2014-09-15,4.47,"http://cf.datawrapper.de/H296a/4/","2014-09"
2014-09-16,4.45,"http://cf.datawrapper.de/H296a/4/","2014-09"
2014-09-17,4.45,"http://cf.datawrapper.de/H296a/4/","2014-09"
2014-09-18,4.5,"http://cf.datawrapper.de/H296a/4/","2014-09"
2014-09-19,4.45,"http://cf.datawrapper.de/H296a/4/","2014-09"
2014-09-23,4.4,"http://cf.datawrapper.de/H296a/4/","2014-09"
2014-09-30,4.4,"http://www.carbonnews.co.nz/story.asp?storyID=8158","2014-09"
2014-10-06,4.35,"http://www.carbonnews.co.nz/story.asp?storyID=8168","2014-10"
2014-10-13,4.4,"http://www.carbonnews.co.nz/story.asp?storyID=8191","2014-10"
2014-10-14,4.42,"http://www.carbonnews.co.nz/story.asp?storyID=8198","2014-10"
2014-10-20,4.32,"http://www.carbonnews.co.nz/story.asp?storyID=8212","2014-10"
2014-10-22,4.3,"http://www.carbonnews.co.nz/story.asp?storyID=8217","2014-10"
2014-10-29,4.37,"http://www.carbonnews.co.nz/story.asp?storyID=8231","2014-10"
2014-11-10,4.4,"http://www.carbonnews.co.nz/story.asp?storyID=8270","2014-11"
2014-11-21,4.3,"http://www.carbonnews.co.nz/story.asp?storyID=8300","2014-11"
2014-11-27,4.32,"http://www.carbonnews.co.nz/story.asp?storyID=8313","2014-11"
2014-11-28,4.55,"http://www.carbonnews.co.nz/story.asp?storyID=8325","2014-11"
2014-12-01,4.55,"http://www.carbonnews.co.nz/story.asp?storyID=8325","2014-12"
2014-12-03,4.85,"http://www.carbonnews.co.nz/story.asp?storyID=8334","2014-12"
2014-12-05,4.95,"http://www.carbonnews.co.nz/story.asp?storyID=8338","2014-12"
2014-12-15,5.4,"http://www.carbonnews.co.nz/story.asp?storyID=8362","2014-12"
2014-12-17,5.5,"http://www.carbonnews.co.nz/story.asp?storyID=8368","2014-12"
2015-01-20,6,"http://www.carbonnews.co.nz/story.asp?storyID=8388","2015-01"
2015-01-22,6,"http://www.carbonnews.co.nz/story.asp?storyID=8387","2015-01"
2015-01-28,5.95,"http://www.carbonnews.co.nz/story.asp?storyID=8408","2015-01"
2015-02-03,6.1,"http://www.carbonnews.co.nz/story.asp?storyID=8429","2015-02"
2015-02-12,4.4,"http://carbon-pulse.com/1018/","2015-02"
2015-02-16,6.45,"http://www.carbonnews.co.nz/story.asp?storyID=8522","2015-02"
2015-02-27,5.85,"http://carbon-pulse.com/1394/","2015-02"
2015-03-06,6.22,"http://carbon-pulse.com/1646/","2015-03"
2015-03-13,6.45,"http://carbon-pulse.com/1938/","2015-03"
2015-03-20,6.47,"http://carbon-pulse.com/2166/","2015-03"
2015-03-27,6.6,"http://carbon-pulse.com/2490/","2015-03"
2015-04-07,6.7,"http://www.carbonnews.co.nz/story.asp?storyID=8579","2015-04"
2015-04-10,6.52,"http://carbon-pulse.com/2937/","2015-04"
2015-04-17,6.3,"http://carbon-pulse.com/3180/","2015-04"
2015-04-24,6.07,"http://carbon-pulse.com/3455/","2015-04"
2015-05-01,6.07,"http://carbon-pulse.com/3717/","2015-05"
2015-05-08,5.95,"http://carbon-pulse.com/3934/","2015-05"
2015-05-15,4.29,"http://carbon-pulse.com/4100/","2015-05"
2015-05-22,5.15,"http://carbon-pulse.com/4350/","2015-05"
2015-05-29,5.25,"http://carbon-pulse.com/4533/","2015-05"
2015-06-05,5.4,"http://carbon-pulse.com/4730/","2015-06"
2015-06-12,6.7,"http://carbon-pulse.com/4959/","2015-06"
2015-06-19,4.67,"http://carbon-pulse.com/5225/","2015-06"
2015-06-26,4.61,"http://carbon-pulse.com/5509/","2015-06"
2015-07-03,6.87,"http://carbon-pulse.com/5906/","2015-07"
2015-07-10,7.05,"http://carbon-pulse.com/6210/","2015-07"
2015-07-17,7,"http://carbon-pulse.com/6584/","2015-07"
2015-07-24,6.85,"http://carbon-pulse.com/6870/","2015-07"
2015-07-31,6.85,"http://carbon-pulse.com/7160/","2015-07"
2015-08-07,6.9,"http://carbon-pulse.com/7399/","2015-08"
2015-08-14,6.92,"http://carbon-pulse.com/7632/","2015-08"
2015-08-21,6.9,"http://carbon-pulse.com/7915/","2015-08"
2015-08-28,6.75,"http://carbon-pulse.com/8195/","2015-08"
2015-09-04,6.85,"http://carbon-pulse.com/8500/","2015-09"
2015-09-11,6.7,"http://carbon-pulse.com/8770/","2015-09"
2015-09-18,6.7,"http://carbon-pulse.com/9051/","2015-09"
2015-09-25,6.57,"http://carbon-pulse.com/9383/","2015-09"
2015-09-28,6.65,"http://www.carbonnews.co.nz/story.asp?storyID=9105","2015-09"
2015-10-02,6.75,"http://carbon-pulse.com/9851/","2015-10"
2015-10-09,6.8,"http://carbon-pulse.com/10155/","2015-10"
2015-10-16,6.9,"http://carbon-pulse.com/10510/","2015-10"
2015-10-23,7.1,"http://carbon-pulse.com/10918/","2015-10"
2015-10-30,7.1,"http://carbon-pulse.com/11185/","2015-10"
2015-11-03,7.2,"http://carbon-pulse.com/11362/","2015-11"
2015-11-06,7.25,"http://carbon-pulse.com/11520/","2015-11"
2015-11-13,7.5,"http://carbon-pulse.com/11915/","2015-11"
2015-11-20,7.7,"http://carbon-pulse.com/12200/","2015-11"
2015-11-25,8.2,"http://carbon-pulse.com/12483/","2015-11"
2015-11-27,8.32,"http://carbon-pulse.com/12585/","2015-11"
2015-11-30,8.55,"http://www.ecosystemmarketplace.com/articles/new-zealand-seeks-to-reform-a-floundering-emissions-trading-program/","2015-11"
2015-12-04,8.55,"http://carbon-pulse.com/12853/","2015-12"
2015-12-09,8.7,"http://www.carbonnews.co.nz/story.asp?storyID=9313","2015-12"
2015-12-11,8.9,"http://carbon-pulse.com/13240/","2015-12"
2015-12-17,9.22,"http://www.carbonnews.co.nz/story.asp?storyID=9337","2015-12"
2015-12-18,9.4,"http://carbon-pulse.com/13526/","2015-12"
2016-01-20,9.65,"http://www.carbonnews.co.nz/story.asp?storyID=9356","2016-01"
2016-01-21,9.6,"http://www.carbonnews.co.nz/story.asp?storyID=9357","2016-01"
2016-01-22,9.57,"http://www.carbonnews.co.nz/story.asp?storyID=9358","2016-01"
2016-01-25,9.6,"http://www.carbonnews.co.nz/story.asp?storyID=9375","2016-01"
2016-01-27,9.55,"http://www.carbonnews.co.nz/story.asp?storyID=9376","2016-01"
2016-01-28,9.5,"http://www.carbonnews.co.nz/story.asp?storyID=9378","2016-01"
2016-02-01,9.5,"http://www.carbonnews.co.nz/story.asp?storyID=9389","2016-02"
2016-02-03,9.52,"http://www.carbonnews.co.nz/story.asp?storyID=9395","2016-02"
2016-02-08,9.47,"http://www.carbonnews.co.nz/story.asp?storyID=9412","2016-02"
2016-02-11,9.3,"http://www.carbonnews.co.nz/story.asp?storyID=9418","2016-02"
2016-02-16,9.25,"http://www.carbonnews.co.nz/story.asp?storyID=9445","2016-02"
2016-02-17,9.35,"http://www.carbonnews.co.nz/story.asp?storyID=9446","2016-02"
2016-02-18,9.15,"http://www.carbonnews.co.nz/story.asp?storyID=9447","2016-02"
2016-03-04,10.05,"http://www.carbonnews.co.nz/story.asp?storyID=9587","2016-03"
2016-03-11,11,"http://www.carbonnews.co.nz/story.asp?storyID=9690","2016-03"
2016-03-23,11.05,"http://www.carbonnews.co.nz/story.asp?storyID=9740","2016-03"
2016-03-30,11.07,"http://www.carbonnews.co.nz/story.asp?storyID=9765","2016-03"
2016-04-01,11.05,"http://www.carbonnews.co.nz/story.asp?storyID=9783","2016-04"
2016-04-06,11.85,"http://www.carbonnews.co.nz/story.asp?storyID=9834","2016-04"
2016-04-08,12,"http://www.carbonnews.co.nz/story.asp?storyID=9840","2016-04"
2016-04-15,13.55,"http://www.carbonnews.co.nz/story.asp?storyID=9895","2016-04"
2016-04-22,13.15,"http://www.carbonnews.co.nz/story.asp?storyID=9949","2016-04"
2016-04-29,14.3,"http://www.carbonnews.co.nz/story.asp?storyID=10004","2016-04"
2016-05-06,14.65,"http://www.carbonnews.co.nz/story.asp?storyID=10054","2016-05"
2016-05-12,14.47,"http://www.carbonnews.co.nz/pagearchive.asp?id=5628816257431MQJ","2016-05"
2016-05-19,14.05,"http://www.carbonnews.co.nz/story.asp?storyID=10154","2016-05"
2016-05-27,15,"http://chinacarbon.net.cn/carbon-price-hits-nz15-tonne-benchmark-new-zealand/ http://www.carbonnews.co.nz/story.asp?storyID=10227","2016-05"
2016-05-27,15,"http://www.carbonnews.co.nz/story.asp?storyID=10227","2016-05"
2016-06-03,15.75,"http://www.carbonnews.co.nz/story.asp?storyID=10285","2016-06"
2016-06-10,16.67,"http://www.carbonnews.co.nz/story.asp?storyID=10329","2016-06"
2016-06-14,17.05,"http://carbon-pulse.com/category/new-zealand/","2016-06"
2016-06-15,17.15,"https://commtrade.co.nz/","2016-06"
2016-06-16,17.25,"http://www.carbonnews.co.nz/story.asp?storyID=10373","2016-06"
2016-06-20,18.2,"http://www.carbonforestservices.co.nz/carbon-prices.html","2016-06"
2016-06-24,18.05,"http://www.carbonforestservices.co.nz/carbon-prices.html","2016-06"
2016-06-30,17.85,"http://www.carbonforestservices.co.nz/carbon-prices.html","2016-06"
2016-07-04,17.7,"https://www.commtrade.co.nz/","2016-07"
2016-07-06,17.72,"http://www.carbonnews.co.nz/story.asp?storyID=10521","2016-07"
2016-07-07,18.05,"https://www.commtrade.co.nz/","2016-07"
2016-07-08,17.95,"http://carbon-pulse.com/category/new-zealand/","2016-07"
2016-07-12,17.95,"https://carbonmatch.co.nz/","2016-07"
2016-07-15,17.9,"http://www.carbonnews.co.nz/story.asp?storyID=10590","2016-07"
2016-07-19,17.95,"http://www.carbonforestservices.co.nz/carbon-prices.html","2016-07"
2016-07-20,18.05,"http://www.carbonnews.co.nz/story.asp?storyID=10625","2016-07"
2016-07-22,18.15,"http://carbon-pulse.com/category/new-zealand/","2016-07"
2016-07-25,18.17,"http://carbon-pulse.com/category/new-zealand/","2016-07"
2016-07-26,18.1,"https://commtrade.co.nz/","2016-07"
2016-07-29,18.07,"http://www.carbonnews.co.nz/story.asp?storyID=10697","2016-07"
2016-08-02,18.05,"https://carbonmatch.co.nz/","2016-08"
2016-08-04,17.95,"http://www.carbonforestservices.co.nz/carbon-prices.html","2016-08"
2016-08-11,17.5,"http://carbon-pulse.com/category/new-zealand/","2016-08"
2016-08-18,17.7,"http://www.carbonnews.co.nz/story.asp?storyID=10837","2016-08"
2016-08-22,17.97,"http://www.carbonnews.co.nz/story.asp?storyID=10855","2016-08"
2016-08-24,18,"http://www.carbonnews.co.nz/story.asp?storyID=10877","2016-08"
2016-08-26,18.07,"http://www.carbonnews.co.nz/story.asp?storyID=10895","2016-08"
2016-08-30,18.25,"http://www.carbonnews.co.nz/story.asp?storyID=10914","2016-08"
2016-09-07,18.8,"http://www.carbonnews.co.nz/story.asp?storyID=10982","2016-09"
2016-09-16,18.8,"http://www.carbonnews.co.nz/story.asp?storyID=11056","2016-09"
2016-09-23,18.85,"http://www.carbonnews.co.nz/story.asp?storyID=11111","2016-09"
2016-09-26,18.85,"http://www.carbonnews.co.nz/story.asp?storyID=11118","2016-09"
2016-09-30,18.82,"http://www.carbonnews.co.nz/story.asp?storyID=11171","2016-09"
2016-10-04,18.8,"http://www.carbonnews.co.nz/story.asp?storyID=11191","2016-10"
2016-10-05,18.75,"http://www.carbonnews.co.nz/story.asp?storyID=11197","2016-10"
2016-10-06,18.8,"http://www.carbonnews.co.nz/story.asp?storyID=11207","2016-10"
2016-10-13,18.87,"http://www.carbonnews.co.nz/story.asp?storyID=11260","2016-10"
2016-10-21,18.7,"http://www.carbonnews.co.nz/story.asp?storyID=11321","2016-10"
2016-10-28,18.6,"http://www.carbonnews.co.nz/story.asp?storyID=11362","2016-10"
2016-11-11,18.55,"http://www.carbonnews.co.nz/story.asp?storyID=11464","2016-11"
2016-11-17,18.2,"http://www.carbonnews.co.nz/story.asp?storyID=11502","2016-11"
2016-11-21,17.35,"http://www.carbonnews.co.nz/story.asp?storyID=11522","2016-11"
2016-11-22,17,"http://carbon-pulse.com/27105/","2016-11"
2016-11-25,17.3,"http://www.carbonnews.co.nz/story.asp?storyID=11556","2016-11"
2016-12-02,17.7,"http://www.carbonnews.co.nz/story.asp?storyID=11602","2016-12"
2016-12-09,17.85,"http://www.carbonnews.co.nz/story.asp?storyID=11652","2016-12"
2016-12-16,17.4,"http://www.carbonnews.co.nz/story.asp?storyID=11698","2016-12"
2016-12-19,17,"http://www.carbonnews.co.nz/story.asp?storyID=11709","2016-12"
2016-12-21,17.05,"http://www.carbonnews.co.nz/story.asp?storyID=11725","2016-12"
2017-01-24,17.2,"http://www.carbonnews.co.nz/story.asp?storyID=11739","2017-01"
2017-01-26,17.12,"http://www.carbonnews.co.nz/story.asp?storyID=11758","2017-01"
2017-01-27,17.12,"http://www.carbonnews.co.nz/story.asp?storyID=11767","2017-01"
2017-01-31,16.9,"http://www.carbonnews.co.nz/story.asp?storyID=11775","2017-01"
2017-02-07,17.1,"http://www.carbonnews.co.nz/story.asp?storyID=11813","2017-02"
2017-02-09,17.2,"http://www.carbonnews.co.nz/story.asp?storyID=11831","2017-02"
2017-02-14,17.65,"http://www.carbonnews.co.nz/story.asp?storyID=11861","2017-02"
2017-02-22,18.07,"http://www.carbonnews.co.nz/story.asp?storyID=11916","2017-02"
2017-02-28,18.05,"http://www.carbonnews.co.nz/story.asp?storyID=11950","2017-02"
2017-03-02,17.8,"http://www.carbonnews.co.nz/story.asp?storyID=11969","2017-03"
2017-03-03,17.9,"http://www.carbonnews.co.nz/story.asp?storyID=11978","2017-03"
2017-03-10,17.85,"http://www.carbonnews.co.nz/story.asp?storyID=12022","2017-03"
2017-03-17,17.3,"http://www.carbonnews.co.nz/story.asp?storyID=12063","2017-03"
2017-03-24,17.2,"http://www.carbonnews.co.nz/story.asp?storyID=12106","2017-03"
2017-03-27,17.17,"http://www.carbonnews.co.nz/story.asp?storyID=12113","2017-03"
2017-03-31,17.2,"http://www.carbonnews.co.nz/story.asp?storyID=12152","2017-03"
2017-04-06,17.7,"http://www.carbonnews.co.nz/story.asp?storyID=12190","2017-04"
2017-04-13,17.4,"http://www.carbonnews.co.nz/story.asp?storyID=12235","2017-04"
2017-04-21,17.3,"http://www.carbonnews.co.nz/story.asp?storyID=12269","2017-04"
2017-04-28,17.15,"http://www.carbonnews.co.nz/story.asp?storyID=12300","2017-04"
2017-05-04,17.2,"http://www.carbonnews.co.nz/story.asp?storyID=12331","2017-05"
2017-05-12,17.1,"http://www.carbonnews.co.nz/story.asp?storyID=12391","2017-05"
2017-05-19,16.95,"http://www.carbonnews.co.nz/story.asp?storyID=12434","2017-05"
2017-05-25,16.75,"http://www.carbonnews.co.nz/story.asp?storyID=12468","2017-05"
2017-05-31,16.8,"http://www.carbonnews.co.nz/story.asp?storyID=12504","2017-05"
2017-06-02,16.77,"http://www.carbonnews.co.nz/story.asp?storyID=12523","2017-06"
2017-06-06,16.7,"http://www.carbonnews.co.nz/story.asp?storyID=12531","2017-06"
2017-06-09,16.57,"http://www.carbonnews.co.nz/story.asp?storyID=12555","2017-06"
2017-06-16,16.52,"http://www.carbonnews.co.nz/story.asp?storyID=12605","2017-06"
2017-06-22,16.5,"http://www.carbonnews.co.nz/story.asp?storyID=12646","2017-06"
2017-06-29,17.05,"http://www.carbonnews.co.nz/story.asp?storyID=12691","2017-06"
2017-06-30,17.1,"http://www.carbonnews.co.nz/story.asp?storyID=12695","2017-06"
2017-07-05,17.2,"http://www.carbonnews.co.nz/story.asp?storyID=12726","2017-07"
2017-07-10,17.35,"http://www.carbonnews.co.nz/story.asp?storyID=12755","2017-07"
2017-07-14,17.9,"http://www.carbonnews.co.nz/story.asp?storyID=12793","2017-07"
2017-07-18,17.85,"http://www.carbonnews.co.nz/story.asp?storyID=12815","2017-07"
2017-07-21,17.7,"http://www.carbonnews.co.nz/story.asp?storyID=12842","2017-07"
2017-07-31,17.85,"http://www.carbonnews.co.nz/story.asp?storyID=12891","2017-07"
2017-08-09,17.8,"http://www.carbonnews.co.nz/story.asp?storyID=12958","2017-08"
2017-08-15,17.72,"http://www.carbonnews.co.nz/story.asp?storyID=12994","2017-08"
2017-08-18,17.95,"http://www.carbonnews.co.nz/story.asp?storyID=13017","2017-08"
2017-08-21,17.95,"http://www.carbonnews.co.nz/story.asp?storyID=13028","2017-08"
2017-08-23,18,"http://www.carbonnews.co.nz/story.asp?storyID=13049","2017-08"
2017-08-25,18.02,"http://www.carbonnews.co.nz/story.asp?storyID=13067","2017-08"
2017-08-29,18.1,"http://www.carbonnews.co.nz/story.asp?storyID=13084","2017-08"
2017-08-31,18.2,"http://www.carbonnews.co.nz/story.asp?storyID=13103","2017-08"
2017-09-01,18.25,"http://www.carbonnews.co.nz/story.asp?storyID=13113","2017-09"
2017-09-04,18.35,"http://www.carbonnews.co.nz/story.asp?storyID=13120","2017-09"
2017-09-05,18.35,"http://www.carbonnews.co.nz/story.asp?storyID=13134","2017-09"
2017-09-06,18.4,"http://www.carbonnews.co.nz/story.asp?storyID=13140","2017-09"
2017-09-08,18.22,"http://www.carbonnews.co.nz/story.asp?storyID=13159","2017-09"
2017-09-13,18.3,"http://www.carbonnews.co.nz/story.asp?storyID=13184","2017-09"
2017-09-15,18.3,"http://www.carbonnews.co.nz/story.asp?storyID=13206","2017-09"
2017-09-19,18.3,"http://www.carbonnews.co.nz/story.asp?storyID=13222","2017-09"
2017-09-22,18.15,"http://www.carbonnews.co.nz/story.asp?storyID=13249","2017-09"
2017-09-25,18.2,"http://www.carbonnews.co.nz/story.asp?storyID=13263","2017-09"
2017-09-29,17.97,"http://www.carbonnews.co.nz/story.asp?storyID=13301","2017-09"
2017-10-03,17.95,"http://www.carbonnews.co.nz/story.asp?storyID=13323","2017-10"
2017-10-06,18.1,"http://www.carbonnews.co.nz/story.asp?storyID=13348","2017-10"
2017-10-13,18.4,"http://www.carbonnews.co.nz/story.asp?storyID=13395","2017-10"
2017-10-20,18.4,"http://www.carbonnews.co.nz/story.asp?storyID=13442","2017-10"
2017-10-27,18.95,"http://www.carbonnews.co.nz/story.asp?storyID=13480","2017-10"
2017-10-30,18.4,"http://www.carbonnews.co.nz/story.asp?storyID=13490","2017-10"
2017-10-31,19,"http://www.carbonnews.co.nz/story.asp?storyID=13498","2017-10"
2017-11-01,18.95,"http://www.carbonnews.co.nz/story.asp?storyID=13509","2017-11"
2017-11-02,18.95,"http://www.carbonnews.co.nz/story.asp?storyID=13519","2017-11"
2017-11-03,18.97,"http://www.carbonnews.co.nz/story.asp?storyID=13525","2017-11"
2017-11-06,19.15,"http://www.carbonnews.co.nz/story.asp?storyID=13537","2017-11"
2017-11-07,19.25,"http://www.carbonnews.co.nz/story.asp?storyID=13547","2017-11"
2017-11-08,19.29,"http://www.carbonnews.co.nz/story.asp?storyID=13552","2017-11"
2017-11-09,19.2,"http://www.carbonnews.co.nz/story.asp?storyID=13563","2017-11"
2017-11-10,19.25,"http://www.carbonnews.co.nz/story.asp?storyID=13573","2017-11"
2017-11-13,19.25,"http://www.carbonnews.co.nz/story.asp?storyID=13581","2017-11"
2017-11-15,19.24,"http://www.carbonnews.co.nz/story.asp?storyID=13608","2017-11"
2017-11-16,19.2,"http://www.carbonnews.co.nz/story.asp?storyID=13618","2017-11"
2017-11-20,19.4,"http://www.carbonnews.co.nz/story.asp?storyID=13630","2017-11"
2017-11-22,19.25,"http://www.carbonnews.co.nz/story.asp?storyID=13651","2017-11"
2017-11-24,19.25,"http://www.carbonnews.co.nz/story.asp?storyID=13673","2017-11"
2017-11-29,19.3,"http://www.carbonnews.co.nz/story.asp?storyID=13695","2017-11"
2017-11-30,19.75,"http://www.carbonnews.co.nz/story.asp?storyID=13710","2017-11"
2017-12-04,19.95,"http://www.carbonnews.co.nz/story.asp?storyID=13724","2017-12"
2017-12-05,19.7,"http://www.carbonnews.co.nz/story.asp?storyID=13737","2017-12"
2017-12-06,19.82,"http://www.carbonnews.co.nz/story.asp?storyID=13748","2017-12"
2017-12-07,20.25,"http://www.carbonnews.co.nz/story.asp?storyID=13759","2017-12"
2017-12-08,20.25,"http://www.carbonnews.co.nz/story.asp?storyID=13768","2017-12"
2017-12-11,20.25,"http://www.carbonnews.co.nz/story.asp?storyID=13780","2017-12"
2017-12-12,20.4,"http://www.carbonnews.co.nz/story.asp?storyID=13795","2017-12"
2017-12-13,20.55,"http://www.carbonnews.co.nz/story.asp?storyID=13805","2017-12"
2017-12-14,20.75,"http://www.carbonnews.co.nz/story.asp?storyID=13813","2017-12"
2017-12-15,21,"http://www.carbonnews.co.nz/story.asp?storyID=13821","2017-12"
2018-01-22,21.4,"http://www.carbonnews.co.nz/story.asp?storyID=13831","2018-01"
2018-01-24,21.25,"http://www.carbonnews.co.nz/story.asp?storyID=13852","2018-01"
2018-01-26,21.2,"http://www.carbonnews.co.nz/story.asp?storyID=13873","2018-01"
2018-01-30,21.22,"http://www.carbonnews.co.nz/story.asp?storyID=13881","2018-01"
2018-01-31,21.22,"http://www.carbonnews.co.nz/story.asp?storyID=13891","2018-01"
2018-02-01,21.32,"http://www.carbonnews.co.nz/story.asp?storyID=13901","2018-02"
2018-02-02,21.35,"http://www.carbonnews.co.nz/story.asp?storyID=13909","2018-02"
2018-02-05,21.4,"http://www.carbonnews.co.nz/story.asp?storyID=13915","2018-02"
2018-02-07,21.4,"http://www.carbonnews.co.nz/story.asp?storyID=13923","2018-02"
2018-02-08,21.45,"http://www.carbonnews.co.nz/story.asp?storyID=13938","2018-02"
2018-02-09,21.5,"http://www.carbonnews.co.nz/story.asp?storyID=13948","2018-02"
2018-02-12,21.55,"http://www.carbonnews.co.nz/story.asp?storyID=13950","2018-02"
2018-02-13,21.5,"http://www.carbonnews.co.nz/story.asp?storyID=13964","2018-02"
2018-02-14,21.52,"http://www.carbonnews.co.nz/story.asp?storyID=13972","2018-02"
2018-02-15,21.55,"http://www.carbonnews.co.nz/story.asp?storyID=13983","2018-02"
2018-02-16,21.5,"http://www.carbonnews.co.nz/story.asp?storyID=13989","2018-02"
2018-02-20,21.42,"http://www.carbonnews.co.nz/story.asp?storyID=14006","2018-02"
2018-02-21,21.2,"http://www.carbonnews.co.nz/story.asp?storyID=14011","2018-02"
2018-02-23,21.25,"http://www.carbonnews.co.nz/story.asp?storyID=14028","2018-02"
2018-02-25,21.1,"http://www.carbonnews.co.nz/story.asp?storyID=14034","2018-02"
2018-02-28,21.85,"http://www.carbonnews.co.nz/story.asp?storyID=14058","2018-02"
2018-03-01,20.95,"http://www.carbonnews.co.nz/story.asp?storyID=14063","2018-03"
2018-03-02,21.1,"http://www.carbonnews.co.nz/story.asp?storyID=14074","2018-03"
2018-03-05,20.9,"http://www.carbonnews.co.nz/story.asp?storyID=14076","2018-03"
2018-03-06,20.9,"http://www.carbonnews.co.nz/story.asp?storyID=14089","2018-03"
2018-03-07,20.95,"http://www.carbonnews.co.nz/story.asp?storyID=14098","2018-03"
2018-03-09,20.9,"http://www.carbonnews.co.nz/story.asp?storyID=14109","2018-03"
2018-03-12,21,"http://www.carbonnews.co.nz/story.asp?storyID=14118","2018-03"
2018-03-13,20.8,"http://www.carbonnews.co.nz/story.asp?storyID=14130","2018-03"
2018-03-14,20.9,"http://www.carbonnews.co.nz/story.asp?storyID=14138","2018-03"
2018-03-15,20.92,"http://www.carbonnews.co.nz/story.asp?storyID=14144","2018-03"
2018-03-16,20.93,"http://www.carbonnews.co.nz/story.asp?storyID=14154","2018-03"
2018-03-17,20.94,"http://www.carbonnews.co.nz/story.asp?storyID=14156","2018-03"
2018-03-20,20.93,"http://www.carbonnews.co.nz/story.asp?storyID=14172","2018-03"
2018-03-21,20.95,"http://www.carbonnews.co.nz/story.asp?storyID=14176","2018-03"
2018-03-22,20.93,"http://www.carbonnews.co.nz/story.asp?storyID=14188","2018-03"
2018-03-23,20.95,"http://www.carbonnews.co.nz/story.asp?storyID=14196","2018-03"
2018-03-26,20.95,"http://www.carbonnews.co.nz/story.asp?storyID=14198","2018-03"
2018-03-27,20.95,"http://www.carbonnews.co.nz/story.asp?storyID=14211","2018-03"
2018-03-28,21,"http://www.carbonnews.co.nz/story.asp?storyID=14217","2018-03"
2018-03-29,20.95,"http://www.carbonnews.co.nz/story.asp?storyID=14225","2018-03"
2018-04-03,21.02,"http://www.carbonnews.co.nz/story.asp?storyID=14228","2018-04"
2018-04-04,21.1,"http://www.carbonnews.co.nz/story.asp?storyID=14237","2018-04"
2018-04-05,21.1,"http://www.carbonnews.co.nz/story.asp?storyID=14247","2018-04"
2018-04-06,21.1,"http://www.carbonnews.co.nz/story.asp?storyID=14256","2018-04"
2018-04-09,21.2,"http://www.carbonnews.co.nz/story.asp?storyID=14259","2018-04"
2018-04-10,21.22,"http://www.carbonnews.co.nz/story.asp?storyID=14273","2018-04"
2018-04-11,21.25,"http://www.carbonnews.co.nz/story.asp?storyID=14275","2018-04"
2018-04-12,21.2,"http://www.carbonnews.co.nz/story.asp?storyID=14287","2018-04"
2018-04-13,21.25,"http://www.carbonnews.co.nz/story.asp?storyID=14295","2018-04"
2018-04-16,21.25,"http://www.carbonnews.co.nz/story.asp?storyID=14298","2018-04"
2018-04-17,21.27,"http://www.carbonnews.co.nz/story.asp?storyID=14310","2018-04"
2018-04-18,21.27,"http://www.carbonnews.co.nz/story.asp?storyID=14319","2018-04"
2018-04-19,21.3,"http://www.carbonnews.co.nz/story.asp?storyID=14325","2018-04"
2018-04-20,21.3,"http://www.carbonnews.co.nz/story.asp?storyID=14335","2018-04"
2018-04-23,21.35,"http://www.carbonnews.co.nz/story.asp?storyID=14344","2018-04"
2018-04-24,21.35,"http://www.carbonnews.co.nz/story.asp?storyID=14352","2018-04"
2018-04-26,21.26,"http://www.carbonnews.co.nz/story.asp?storyID=14356","2018-04"
2018-04-27,21.27,"http://www.carbonnews.co.nz/story.asp?storyID=14367","2018-04"
2018-04-30,21.55,"http://www.carbonnews.co.nz/story.asp?storyID=14372","2018-04"
2018-05-01,21.5,"http://www.carbonnews.co.nz/story.asp?storyID=14386","2018-05"
2018-05-03,21.47,"http://www.carbonnews.co.nz/story.asp?storyID=14397","2018-05"
2018-05-04,21.45,"http://www.carbonnews.co.nz/story.asp?storyID=14408","2018-05"
2018-05-07,21.45,"http://www.carbonnews.co.nz/story.asp?storyID=14412","2018-05"
2018-05-08,21.45,"http://www.carbonnews.co.nz/story.asp?storyID=14425","2018-05"
2018-05-09,21.35,"http://www.carbonnews.co.nz/story.asp?storyID=14429","2018-05"
2018-05-10,21.3,"http://www.carbonnews.co.nz/story.asp?storyID=14440","2018-05"
2018-05-14,21.3,"http://www.carbonnews.co.nz/story.asp?storyID=14452","2018-05"
2018-05-15,21.25,"http://www.carbonnews.co.nz/story.asp?storyID=14464","2018-05"
2018-05-16,21.25,"http://www.carbonnews.co.nz/story.asp?storyID=14474","2018-05"
2018-05-17,21.2,"http://www.carbonnews.co.nz/story.asp?storyID=14480","2018-05"
2018-05-18,21.25,"http://www.carbonnews.co.nz/story.asp?storyID=14489","2018-05"
2018-05-21,21.2,"http://www.carbonnews.co.nz/story.asp?storyID=14493","2018-05"
2018-05-23,21.2,"http://www.carbonnews.co.nz/story.asp?storyID=14513","2018-05"
2018-05-25,21.15,"http://www.carbonnews.co.nz/story.asp?storyID=14530","2018-05"
2018-05-28,21,"http://www.carbonnews.co.nz/story.asp?storyID=14532","2018-05"
2018-05-30,20.95,"http://www.carbonnews.co.nz/story.asp?storyID=14554","2018-05"
2018-06-01,20.95,"http://www.carbonnews.co.nz/story.asp?storyID=14567","2018-06"
2018-06-05,20.8,"http://www.carbonnews.co.nz/story.asp?storyID=14578","2018-06"
2018-06-05,20.8,"http://www.carbonnews.co.nz/story.asp?storyID=14578","2018-06"
2018-06-06,20.55,"http://www.carbonnews.co.nz/story.asp?storyID=14587","2018-06"
2018-06-07,20.75,"http://www.carbonnews.co.nz/story.asp?storyID=14590","2018-06"
2018-06-08,20.65,"http://www.carbonnews.co.nz/story.asp?storyID=14599","2018-06"
2018-06-11,20.62,"http://www.carbonnews.co.nz/story.asp?storyID=14606","2018-06"
2018-06-12,20.55,"http://www.carbonnews.co.nz/story.asp?storyID=14614","2018-06"
2018-06-13,20.5,"http://www.carbonnews.co.nz/story.asp?storyID=14622","2018-06"
2018-06-14,20.55,"http://www.carbonnews.co.nz/story.asp?storyID=14631","2018-06"
2018-06-15,20.45,"http://www.carbonnews.co.nz/story.asp?storyID=14639","2018-06"
2018-06-18,20.42,"http://www.carbonnews.co.nz/story.asp?storyID=14648","2018-06"
2018-06-19,20.45,"http://www.carbonnews.co.nz/story.asp?storyID=14656","2018-06"
2018-06-20,20.5,"http://www.carbonnews.co.nz/story.asp?storyID=14666","2018-06"
2018-06-21,20.52,"http://www.carbonnews.co.nz/story.asp?storyID=14673","2018-06"
2018-06-22,20.55,"http://www.carbonnews.co.nz/story.asp?storyID=14681","2018-06"
2018-06-25,20.8,"http://www.carbonnews.co.nz/story.asp?storyID=14689","2018-06"
2018-06-26,20.75,"http://www.carbonnews.co.nz/story.asp?storyID=14697","2018-06"
2018-06-27,20.9,"http://www.carbonnews.co.nz/story.asp?storyID=14705","2018-06"
2018-06-28,20.92,"http://www.carbonnews.co.nz/story.asp?storyID=14713","2018-06"
2018-06-29,21.1,"http://www.carbonnews.co.nz/story.asp?storyID=14722","2018-06"
2018-07-02,21.1,"http://www.carbonnews.co.nz/story.asp?storyID=14729","2018-07"
2018-07-03,21.17,"http://www.carbonnews.co.nz/story.asp?storyID=14737","2018-07"
2018-07-04,21.45,"http://www.carbonnews.co.nz/story.asp?storyID=14745","2018-07"
2018-07-06,21.55,"http://www.carbonnews.co.nz/story.asp?storyID=14761","2018-07"
2018-07-09,21.55,"http://www.carbonnews.co.nz/story.asp?storyID=14772","2018-07"
2018-07-11,21.65,"http://www.carbonnews.co.nz/story.asp?storyID=14787","2018-07"
2018-07-12,21.8,"http://www.carbonnews.co.nz/story.asp?storyID=14795","2018-07"
2018-07-13,21.8,"http://www.carbonnews.co.nz/story.asp?storyID=14804","2018-07"
2018-07-16,22,"http://www.carbonnews.co.nz/story.asp?storyID=14812","2018-07"
2018-07-17,21.95,"http://www.carbonnews.co.nz/story.asp?storyID=14820","2018-07"
2018-07-18,22.2,"http://www.carbonnews.co.nz/story.asp?storyID=14828","2018-07"
2018-07-19,22.4,"http://www.carbonnews.co.nz/story.asp?storyID=14838","2018-07"
2018-07-20,22.5,"http://www.carbonnews.co.nz/story.asp?storyID=14846","2018-07"
2018-07-23,22.6,"http://www.carbonnews.co.nz/story.asp?storyID=14852","2018-07"
2018-07-24,22.65,"http://www.carbonnews.co.nz/story.asp?storyID=14860","2018-07"
2018-07-25,22.85,"http://www.carbonnews.co.nz/story.asp?storyID=14868","2018-07"
2018-07-26,23,"http://www.carbonnews.co.nz/story.asp?storyID=14877","2018-07"
2018-07-27,22.8,"http://www.carbonnews.co.nz/story.asp?storyID=14885","2018-07"
2018-07-30,22.75,"http://www.carbonnews.co.nz/story.asp?storyID=14893","2018-07"
2018-07-31,22.7,"http://www.carbonnews.co.nz/story.asp?storyID=14902","2018-07"
2018-08-01,22.7,"http://www.carbonnews.co.nz/story.asp?storyID=14911","2018-08"
2018-08-02,22.7,"http://www.carbonnews.co.nz/story.asp?storyID=14919","2018-08"
2018-08-03,22.7,"http://www.carbonnews.co.nz/story.asp?storyID=14927","2018-08"
2018-08-06,22.65,"http://www.carbonnews.co.nz/story.asp?storyID=14935","2018-08"
2018-08-08,22.7,"http://www.carbonnews.co.nz/story.asp?storyID=14951","2018-08"
2018-08-09,22.75,"http://www.carbonnews.co.nz/story.asp?storyID=14962","2018-08"
2018-08-10,23.1,"http://www.carbonnews.co.nz/story.asp?storyID=14970","2018-08"
2018-08-13,23.1,"http://www.carbonnews.co.nz/story.asp?storyID=14978","2018-08"
2018-08-14,23.1,"http://www.carbonnews.co.nz/story.asp?storyID=14986","2018-08"
2018-08-15,23.85,"http://www.carbonnews.co.nz/story.asp?storyID=14996","2018-08"
2018-08-16,24.2,"http://www.carbonnews.co.nz/story.asp?storyID=15004","2018-08"
2018-08-17,24.17,"http://www.carbonnews.co.nz/story.asp?storyID=15012","2018-08"
2018-08-20,24.4,"http://www.carbonnews.co.nz/story.asp?storyID=15020","2018-08"
2018-08-21,24.3,"http://www.carbonnews.co.nz/story.asp?storyID=15028","2018-08"
2018-08-22,24.55,"http://www.carbonnews.co.nz/story.asp?storyID=15036","2018-08"
2018-08-23,24.65,"http://www.carbonnews.co.nz/story.asp?storyID=15036","2018-08"
2018-08-24,24.65,"http://www.carbonnews.co.nz/story.asp?storyID=15036","2018-08"
2018-08-27,24.65,"http://www.carbonnews.co.nz/story.asp?storyID=15060","2018-08"
2018-08-28,24.65,"http://www.carbonnews.co.nz/story.asp?storyID=15068","2018-08"
2018-08-29,24.8,"http://www.carbonnews.co.nz/story.asp?storyID=15076","2018-08"
2018-08-30,24.8,"http://www.carbonnews.co.nz/story.asp?storyID=15084","2018-08"
2018-08-31,25.05,"http://www.carbonnews.co.nz/story.asp?storyID=15092","2018-08"
2018-09-03,25.05,"http://www.carbonnews.co.nz/story.asp?storyID=15100","2018-09"
2018-09-04,25.02,"http://www.carbonnews.co.nz/story.asp?storyID=15108","2018-09"
2018-09-05,25.05,"http://www.carbonnews.co.nz/story.asp?storyID=15117","2018-09"
2018-09-06,25.1,"http://www.carbonnews.co.nz/story.asp?storyID=15124","2018-09"
2018-09-07,25.1,"http://www.carbonnews.co.nz/story.asp?storyID=15132","2018-09"
2018-09-10,25.12,"http://www.carbonnews.co.nz/story.asp?storyID=15140","2018-09"
2018-09-11,25.15,"http://www.carbonnews.co.nz/story.asp?storyID=15148","2018-09"
2018-09-12,25.1,"http://www.carbonnews.co.nz/story.asp?storyID=15157","2018-09"
2018-09-13,25.06,"http://www.carbonnews.co.nz/story.asp?storyID=15166","2018-09"
2018-09-14,25.05,"http://www.carbonnews.co.nz/story.asp?storyID=15174","2018-09"
2018-09-17,24.95,"http://www.carbonnews.co.nz/story.asp?storyID=15182","2018-09"
2018-09-19,25,"http://www.carbonnews.co.nz/story.asp?storyID=15198","2018-09"
2018-09-20,25.06,"http://www.carbonnews.co.nz/story.asp?storyID=15206","2018-09"
2018-09-21,25.03,"http://www.carbonnews.co.nz/story.asp?storyID=15214","2018-09"
2018-09-24,25.06,"http://www.carbonnews.co.nz/story.asp?storyID=15223","2018-09"
2018-09-26,25.03,"http://www.carbonnews.co.nz/story.asp?storyID=15239","2018-09"
2018-09-27,25.03,"http://www.carbonnews.co.nz/story.asp?storyID=15247","2018-09"
2018-09-28,25.03,"http://www.carbonnews.co.nz/story.asp?storyID=15256","2018-09"
2018-10-01,25,"http://www.carbonnews.co.nz/story.asp?storyID=15263","2018-10"
2018-10-02,25.03,"http://www.carbonnews.co.nz/story.asp?storyID=15271","2018-10"
2018-10-03,25,"http://www.carbonnews.co.nz/story.asp?storyID=15280","2018-10"
2018-10-04,25,"http://www.carbonnews.co.nz/story.asp?storyID=15287","2018-10"
2018-10-05,25.05,"http://www.carbonnews.co.nz/story.asp?storyID=15295","2018-10"
2018-10-08,25.12,"http://www.carbonnews.co.nz/story.asp?storyID=15303","2018-10"
2018-10-09,25.25,"http://www.carbonnews.co.nz/story.asp?storyID=15312","2018-10"
2018-10-10,25.25,"http://www.carbonnews.co.nz/story.asp?storyID=15322","2018-10"
2018-10-11,25.27,"http://www.carbonnews.co.nz/story.asp?storyID=15334","2018-10"
2018-10-12,25.25,"http://www.carbonnews.co.nz/story.asp?storyID=15338","2018-10"
2018-10-15,25.11,"http://www.carbonnews.co.nz/story.asp?storyID=15346","2018-10"
2018-10-16,25.02,"http://www.carbonnews.co.nz/story.asp?storyID=15354","2018-10"
2018-10-17,25.1,"http://www.carbonnews.co.nz/story.asp?storyID=15362","2018-10"
2018-10-18,25.05,"http://www.carbonnews.co.nz/story.asp?storyID=15369","2018-10"
2018-10-19,25.05,"http://www.carbonnews.co.nz/story.asp?storyID=15377","2018-10"
2018-10-23,25.05,"http://www.carbonnews.co.nz/story.asp?storyID=15386","2018-10"
2018-10-24,25.1,"http://www.carbonnews.co.nz/story.asp?storyID=15394","2018-10"
2018-10-25,25.1,"http://www.carbonnews.co.nz/story.asp?storyID=15403","2018-10"
2018-10-26,25.1,"http://www.carbonnews.co.nz/story.asp?storyID=15410","2018-10"
2018-10-29,25.1,"http://www.carbonnews.co.nz/story.asp?storyID=15417","2018-10"
2018-10-30,25.12,"http://www.carbonnews.co.nz/story.asp?storyID=15424","2018-10"
2018-10-31,25.05,"http://www.carbonnews.co.nz/story.asp?storyID=15432","2018-10"
2018-11-01,25,"http://www.carbonnews.co.nz/story.asp?storyID=15440","2018-11"
2018-11-02,25.02,"http://www.carbonnews.co.nz/story.asp?storyID=15447","2018-11"
2018-11-05,25.03,"http://www.carbonnews.co.nz/story.asp?storyID=15456","2018-11"
2018-11-06,25.05,"http://www.carbonnews.co.nz/story.asp?storyID=15463","2018-11"
2018-11-07,25.05,"http://www.carbonnews.co.nz/story.asp?storyID=15471","2018-11"
2018-11-09,25.05,"http://www.carbonnews.co.nz/story.asp?storyID=15486","2018-11"
2018-11-12,25.05,"http://www.carbonnews.co.nz/story.asp?storyID=15495","2018-11"
2018-11-13,25.05,"http://www.carbonnews.co.nz/story.asp?storyID=15502","2018-11"
2018-11-14,25.05,"http://www.carbonnews.co.nz/story.asp?storyID=15510","2018-11"
2018-11-15,24.97,"http://www.carbonnews.co.nz/story.asp?storyID=15518","2018-11"
2018-11-16,24.9,"http://www.carbonnews.co.nz/story.asp?storyID=15526","2018-11"
2018-11-19,24.85,"http://www.carbonnews.co.nz/story.asp?storyID=15534","2018-11"
2018-11-20,24.85,"http://www.carbonnews.co.nz/story.asp?storyID=15542","2018-11"
2018-11-21,24.8,"http://www.carbonnews.co.nz/story.asp?storyID=15551","2018-11"
2018-11-22,24.8,"http://www.carbonnews.co.nz/story.asp?storyID=15559","2018-11"
2018-11-23,24.85,"http://www.carbonnews.co.nz/story.asp?storyID=15566","2018-11"
2018-11-26,24.8,"http://www.carbonnews.co.nz/story.asp?storyID=15574","2018-11"
2018-11-27,24.8,"http://www.carbonnews.co.nz/story.asp?storyID=15582","2018-11"
2018-11-28,24.95,"http://www.carbonnews.co.nz/story.asp?storyID=15590","2018-11"
2018-11-29,24.9,"http://www.carbonnews.co.nz/story.asp?storyID=15598","2018-11"
2018-11-30,25,"http://www.carbonnews.co.nz/story.asp?storyID=15606","2018-11"
2018-12-03,25,"http://www.carbonnews.co.nz/story.asp?storyID=15613","2018-12"
2018-12-05,25.02,"http://www.carbonnews.co.nz/story.asp?storyID=15634","2018-12"
2018-12-06,25.01,"http://www.carbonnews.co.nz/story.asp?storyID=15639","2018-12"
2018-12-07,25.1,"http://www.carbonnews.co.nz/story.asp?storyID=15646","2018-12"
2018-12-10,25.15,"http://www.carbonnews.co.nz/story.asp?storyID=15654","2018-12"
2018-12-11,25.1,"http://www.carbonnews.co.nz/story.asp?storyID=15663","2018-12"
2018-12-12,25.45,"http://www.carbonnews.co.nz/story.asp?storyID=15670","2018-12"
2018-12-13,25.85,"http://www.carbonnews.co.nz/story.asp?storyID=15680","2018-12"
2018-12-14,25.85,"http://www.carbonnews.co.nz/story.asp?storyID=15688","2018-12"
2018-12-17,25.8,"http://www.carbonnews.co.nz/story.asp?storyID=15696","2018-12"
2018-12-18,24.9,"http://www.carbonnews.co.nz/story.asp?storyID=15704","2018-12"
2018-12-19,24.82,"http://www.carbonnews.co.nz/story.asp?storyID=15713","2018-12"
2018-12-20,24.85,"http://www.carbonnews.co.nz/story.asp?storyID=15719","2018-12"
2018-12-21,24,"http://www.carbonnews.co.nz/story.asp?storyID=15726","2018-12"
2019-01-24,25.1,"http://www.carbonnews.co.nz/story.asp?storyID=15750","2019-01"
2019-01-25,25.1,"http://www.carbonnews.co.nz/story.asp?storyID=15758","2019-01"
2019-01-29,25.05,"http://www.carbonnews.co.nz/story.asp?storyID=15766","2019-01"
2019-01-30,25.05,"http://www.carbonnews.co.nz/story.asp?storyID=15774","2019-01"
2019-01-31,25.1,"http://www.carbonnews.co.nz/story.asp?storyID=15783","2019-01"
2019-02-01,25,"http://www.carbonnews.co.nz/story.asp?storyID=15791","2019-02"
2019-02-04,25,"http://www.carbonnews.co.nz/story.asp?storyID=15798","2019-02"
2019-02-05,25.05,"http://www.carbonnews.co.nz/story.asp?storyID=15806","2019-02"
2019-02-07,24.95,"http://www.carbonnews.co.nz/story.asp?storyID=15814","2019-02"
2019-02-08,25,"http://www.carbonnews.co.nz/story.asp?storyID=15822","2019-02"
2019-02-11,25.05,"http://www.carbonnews.co.nz/story.asp?storyID=15831","2019-02"
2019-02-13,25.3,"http://www.carbonnews.co.nz/story.asp?storyID=15848","2019-02"
2019-02-15,25.3,"http://www.carbonnews.co.nz/story.asp?storyID=15865","2019-02"
